dataset,detector,config,axis,level,n,score_mean,gain_median,threshold,detect_pct
kitti,single,baseline,baseline,0.0,20,0.4964,0.0222,0.311,0.0
kitti,single,pitch_0.5deg,pitch,0.5,20,0.4458,0.1332,0.311,5.0
kitti,single,pitch_1.0deg,pitch,1.0,20,0.423,0.1857,0.311,20.0
kitti,single,pitch_2.0deg,pitch,2.0,20,0.3842,0.336,0.311,60.0
kitti,single,pitch_3.0deg,pitch,3.0,20,0.3454,0.5328,0.311,75.0
kitti,single,roll_0.5deg,roll,0.5,20,0.4953,0.0374,0.311,0.0
kitti,single,roll_1.0deg,roll,1.0,20,0.4707,0.0996,0.311,0.0
kitti,single,roll_2.0deg,roll,2.0,20,0.441,0.1383,0.311,15.0
kitti,single,roll_3.0deg,roll,3.0,20,0.4269,0.2201,0.311,30.0
kitti,single,tfwd_10cm,tfwd,10.0,20,0.495,0.0279,0.311,0.0
kitti,single,tleft_10cm,tleft,10.0,20,0.4829,0.0542,0.311,0.0
kitti,single,tup_10cm,tup,10.0,20,0.4784,0.0496,0.311,10.0
kitti,single,yaw_0.5deg,yaw,0.5,20,0.456,0.0726,0.311,10.0
kitti,single,yaw_1.0deg,yaw,1.0,20,0.4335,0.1903,0.311,10.0
kitti,single,yaw_2.0deg,yaw,2.0,20,0.4139,0.2469,0.311,20.0
kitti,single,yaw_3.0deg,yaw,3.0,20,0.4094,0.1781,0.311,35.0
kitti,window5,baseline,baseline,0.0,16,0.5223,0.0,0.0432,0.0
kitti,window5,pitch_0.5deg,pitch,0.5,16,0.4701,0.114,0.0432,100.0
kitti,window5,pitch_1.0deg,pitch,1.0,16,0.4423,0.1686,0.0432,100.0
kitti,window5,pitch_2.0deg,pitch,2.0,16,0.4039,0.2821,0.0432,100.0
kitti,window5,pitch_3.0deg,pitch,3.0,16,0.3712,0.4112,0.0432,100.0
kitti,window5,roll_0.5deg,roll,0.5,16,0.5149,0.0177,0.0432,6.25
kitti,window5,roll_1.0deg,roll,1.0,16,0.4983,0.0524,0.0432,81.25
kitti,window5,roll_2.0deg,roll,2.0,16,0.4657,0.1256,0.0432,100.0
kitti,window5,roll_3.0deg,roll,3.0,16,0.451,0.1473,0.0432,100.0
kitti,window5,tfwd_10cm,tfwd,10.0,16,0.5176,0.0,0.0432,0.0
kitti,window5,tleft_10cm,tleft,10.0,16,0.5081,0.0071,0.0432,0.0
kitti,window5,tup_10cm,tup,10.0,16,0.4964,0.0259,0.0432,37.5
kitti,window5,yaw_0.5deg,yaw,0.5,16,0.4924,0.0583,0.0432,68.75
kitti,window5,yaw_1.0deg,yaw,1.0,16,0.4669,0.1118,0.0432,100.0
kitti,window5,yaw_2.0deg,yaw,2.0,16,0.4467,0.1627,0.0432,100.0
kitti,window5,yaw_3.0deg,yaw,3.0,16,0.4408,0.1743,0.0432,100.0
nuscenes,single,baseline,baseline,0.0,80,0.1829,0.482,6.813,0.0
nuscenes,single,pitch_0.5deg,pitch,0.5,80,0.1871,0.451,6.813,0.0
nuscenes,single,pitch_1.0deg,pitch,1.0,80,0.1803,0.4606,6.813,0.0
nuscenes,single,pitch_2.0deg,pitch,2.0,80,0.175,0.4562,6.813,0.0
nuscenes,single,pitch_3.0deg,pitch,3.0,80,0.1573,0.5599,6.813,0.0
nuscenes,single,roll_0.5deg,roll,0.5,80,0.1866,0.3746,6.813,0.0
nuscenes,single,roll_1.0deg,roll,1.0,80,0.1908,0.3746,6.813,0.0
nuscenes,single,roll_2.0deg,roll,2.0,80,0.1894,0.3725,6.813,0.0
nuscenes,single,roll_3.0deg,roll,3.0,80,0.1816,0.4299,6.813,0.0
nuscenes,single,tfwd_10cm,tfwd,10.0,80,0.1839,0.4537,6.813,0.0
nuscenes,single,tleft_10cm,tleft,10.0,80,0.1782,0.4013,6.813,1.25
nuscenes,single,tup_10cm,tup,10.0,80,0.1943,0.4395,6.813,1.25
nuscenes,single,yaw_0.5deg,yaw,0.5,80,0.1662,0.5272,6.813,0.0
nuscenes,single,yaw_1.0deg,yaw,1.0,80,0.1573,0.6552,6.813,0.0
nuscenes,single,yaw_2.0deg,yaw,2.0,80,0.1518,0.6771,6.813,0.0
nuscenes,single,yaw_3.0deg,yaw,3.0,80,0.1542,0.6229,6.813,0.0
nuscenes,window5,baseline,baseline,0.0,72,0.1761,0.2279,1.7379,0.0
nuscenes,window5,pitch_0.5deg,pitch,0.5,72,0.1795,0.239,1.7379,0.0
nuscenes,window5,pitch_1.0deg,pitch,1.0,72,0.175,0.2463,1.7379,0.0
nuscenes,window5,pitch_2.0deg,pitch,2.0,72,0.1731,0.2517,1.7379,0.0
nuscenes,window5,pitch_3.0deg,pitch,3.0,72,0.1565,0.3445,1.7379,0.0
nuscenes,window5,roll_0.5deg,roll,0.5,72,0.1804,0.1779,1.7379,0.0
nuscenes,window5,roll_1.0deg,roll,1.0,72,0.1849,0.154,1.7379,0.0
nuscenes,window5,roll_2.0deg,roll,2.0,72,0.1831,0.1341,1.7379,0.0
nuscenes,window5,roll_3.0deg,roll,3.0,72,0.1769,0.1672,1.7379,1.3889
nuscenes,window5,tfwd_10cm,tfwd,10.0,72,0.1778,0.198,1.7379,0.0
nuscenes,window5,tleft_10cm,tleft,10.0,72,0.1704,0.2081,1.7379,2.7778
nuscenes,window5,tup_10cm,tup,10.0,72,0.1905,0.2124,1.7379,0.0
nuscenes,window5,yaw_0.5deg,yaw,0.5,72,0.1616,0.2494,1.7379,2.7778
nuscenes,window5,yaw_1.0deg,yaw,1.0,72,0.1536,0.3599,1.7379,2.7778
nuscenes,window5,yaw_2.0deg,yaw,2.0,72,0.1493,0.3028,1.7379,1.3889
nuscenes,window5,yaw_3.0deg,yaw,3.0,72,0.1483,0.3286,1.7379,0.0
