dataset,config,axis,level,n_objects,hit_pct,px_shift,pct_objects_below_80,hit_pct_near<15m,hit_pct_mid15-30m,hit_pct_far>30m,fov_pct,hit_drop_pts,fov_change_pts
kitti,baseline,baseline,0.0,68,98.87,0.0,0.0,99.62,97.85,99.46,15.75,0.0,0.0
kitti,yaw_0.5deg,yaw,0.5,68,88.33,6.83,20.59,97.22,84.91,84.84,15.76,10.54,0.01
kitti,yaw_1.0deg,yaw,1.0,68,70.6,13.67,48.53,91.51,65.22,59.16,15.76,28.26,0.01
kitti,yaw_2.0deg,yaw,2.0,68,44.81,27.35,69.12,76.53,44.26,18.09,15.77,54.05,0.01
kitti,yaw_3.0deg,yaw,3.0,68,32.3,41.05,79.41,67.87,30.85,3.36,15.77,66.56,0.02
kitti,pitch_0.5deg,pitch,0.5,68,93.17,6.42,10.29,99.63,96.05,84.04,15.38,5.7,-0.37
kitti,pitch_1.0deg,pitch,1.0,68,74.97,12.84,42.65,98.77,84.72,42.45,15.02,23.9,-0.73
kitti,pitch_2.0deg,pitch,2.0,68,51.29,25.72,67.65,90.3,56.91,10.7,14.27,47.58,-1.48
kitti,pitch_3.0deg,pitch,3.0,68,35.02,38.63,86.76,77.12,33.93,0.0,13.5,63.84,-2.25
kitti,roll_0.5deg,roll,0.5,68,98.82,1.37,0.0,99.64,97.72,99.46,15.76,0.05,0.0
kitti,roll_1.0deg,roll,1.0,68,98.23,2.75,0.0,99.33,96.88,98.94,15.76,0.64,0.0
kitti,roll_2.0deg,roll,2.0,68,96.19,5.5,1.47,98.18,94.42,96.64,15.75,2.68,-0.0
kitti,roll_3.0deg,roll,3.0,68,92.35,8.24,11.76,96.35,90.72,90.89,15.79,6.52,0.03
kitti,tleft_2cm,tleft,2.0,68,98.61,0.81,0.0,99.55,97.54,99.12,15.76,0.25,0.0
kitti,tleft_5cm,tleft,5.0,68,97.96,2.02,2.94,99.07,96.49,98.81,15.76,0.91,0.0
kitti,tleft_10cm,tleft,10.0,68,96.36,4.04,4.41,97.77,93.89,98.17,15.76,2.51,0.01
kitti,tup_2cm,tup,2.0,68,98.87,0.81,0.0,99.62,97.85,99.46,15.91,0.0,0.16
kitti,tup_5cm,tup,5.0,68,98.56,2.02,0.0,98.92,97.76,99.24,16.12,0.3,0.37
kitti,tup_10cm,tup,10.0,68,96.98,4.04,1.47,96.48,95.59,99.13,16.48,1.88,0.72
kitti,tfwd_2cm,tfwd,2.0,68,98.89,0.22,0.0,99.6,97.92,99.46,15.81,-0.02,0.05
kitti,tfwd_5cm,tfwd,5.0,68,98.85,0.54,0.0,99.57,97.95,99.35,15.92,0.01,0.17
kitti,tfwd_10cm,tfwd,10.0,68,98.76,1.07,0.0,99.29,97.9,99.35,16.08,0.11,0.33
nuscenes,baseline,baseline,0.0,195,99.38,0.0,0.51,99.11,99.37,100.0,8.73,0.0,0.0
nuscenes,yaw_0.5deg,yaw,0.5,195,98.26,12.6,1.54,99.29,97.83,98.6,8.72,1.12,-0.0
nuscenes,yaw_1.0deg,yaw,1.0,195,94.01,25.22,6.67,97.62,93.23,90.85,8.72,5.37,-0.0
nuscenes,yaw_2.0deg,yaw,2.0,195,79.58,50.51,36.41,86.52,78.1,73.39,8.72,19.79,-0.01
nuscenes,yaw_3.0deg,yaw,3.0,195,61.88,75.88,60.0,68.76,61.23,50.82,8.71,37.49,-0.01
nuscenes,pitch_0.5deg,pitch,0.5,195,97.64,11.45,3.08,99.07,98.36,90.14,8.52,1.74,-0.2
nuscenes,pitch_1.0deg,pitch,1.0,195,88.49,22.91,16.92,98.45,88.19,68.45,8.34,10.89,-0.38
nuscenes,pitch_2.0deg,pitch,2.0,195,65.81,45.89,55.9,92.08,58.81,50.9,7.96,33.57,-0.77
nuscenes,pitch_3.0deg,pitch,3.0,195,44.45,68.95,83.08,79.51,34.39,29.0,7.59,54.92,-1.14
nuscenes,roll_0.5deg,roll,0.5,195,99.37,3.27,0.51,99.1,99.36,100.0,8.74,0.01,0.01
nuscenes,roll_1.0deg,roll,1.0,195,99.31,6.54,0.51,98.86,99.36,100.0,8.74,0.07,0.01
nuscenes,roll_2.0deg,roll,2.0,195,98.18,13.08,1.54,98.48,98.4,96.19,8.74,1.19,0.01
nuscenes,roll_3.0deg,roll,3.0,195,93.61,19.61,10.77,96.48,93.87,85.77,8.74,5.76,0.01
nuscenes,tleft_2cm,tleft,2.0,195,99.38,1.57,0.51,99.27,99.32,100.0,8.73,-0.0,-0.0
nuscenes,tleft_5cm,tleft,5.0,195,99.34,3.93,0.51,99.3,99.24,100.0,8.73,0.04,0.0
nuscenes,tleft_10cm,tleft,10.0,195,99.12,7.86,0.51,99.34,98.9,100.0,8.73,0.25,0.0
nuscenes,tup_2cm,tup,2.0,195,99.37,1.57,0.51,99.08,99.37,100.0,8.79,0.01,0.07
nuscenes,tup_5cm,tup,5.0,195,99.32,3.94,0.51,98.86,99.37,100.0,8.87,0.06,0.14
nuscenes,tup_10cm,tup,10.0,195,99.16,7.87,0.51,98.21,99.37,100.0,9.07,0.21,0.34
nuscenes,tfwd_2cm,tfwd,2.0,195,99.39,0.48,0.51,99.12,99.38,100.0,8.76,-0.01,0.03
nuscenes,tfwd_5cm,tfwd,5.0,195,99.44,1.2,0.51,99.3,99.39,100.0,8.81,-0.06,0.08
nuscenes,tfwd_10cm,tfwd,10.0,195,99.46,2.39,0.51,99.39,99.4,100.0,8.89,-0.09,0.16
